2016 (Education Index.csv),2016 (Exports and imports (% of GDP).csv),2016 (Life expectancy at birth (years).csv),"2016 (Mortality rate, infant (per 1,000 live births).csv)",2016,C1: Security Apparatus,C2: Factionalized Elites,C3: Group Grievance,Country,E1: Economy,E2: Economic Inequality,E3: Human Flight and Brain Drain,Number of Records,P1: State Legitimacy,P2: Public Services,P3: Human Rights,Rank,S1: Demographic Pressures,S2: Refugees and IDPs,Total,X1: External Intervention,Year
0.41,55.9,63.7,53.2,-1.2,10,8.6,8.6,Afghanistan,8.5,7.5,8.4,1,9.1,9.6,8.7,9th,9.5,9.5,107.9,9.9,2016
0.742,74.7,78.3,12,66.2,4.4,6.2,4.7,Albania,5.5,3.8,7.6,1,5.9,4.2,5,124th,4.2,3.3,61.2,6.4,2016
0.663,56.3,76.1,21.6,54.8,7.7,7.1,7.9,Algeria,6.8,6.3,5.4,1,7.8,5.5,6.8,76th,5.4,6.5,78.3,5.1,2016
0.487,59.4,61.5,54.6,28.8,6.2,7.2,7.7,Angola,6.1,9.6,6.3,1,8.8,9.2,7.5,37th,9,7.3,90.5,5.6,2016
0.676,88.7,76.4,5.1,62.5,5.4,3.7,3.9,Antigua and Barbuda,4.7,4.7,7,1,5.6,4,4.6,129th,4.3,2.8,56.2,5.5,2016
0.814,26.1,76.6,9.9,38.1,4,2.8,4.7,Argentina,5.5,5.1,2.7,1,5,4,3.8,140th,4,2.5,48.4,4.3,2016
0.749,75.9,74.6,11.9,54.4,5,7,5.6,Armenia,6.5,4.7,5.9,1,7.2,3.8,7,109th,3.3,6.7,69.6,6.9,2016
0.929,40.8,82.9,3.1,182.8,1.8,1.7,4.1,Australia,1.8,2.4,1,1,1,1.7,2.5,172nd,1.5,2,22.5,1,2016
0.852,101.2,81.6,2.9,129.9,1.2,2.7,4,Austria,1.9,3.1,1.2,1,1.1,1.3,1.4,167th,2.1,6.1,27.5,1.4,2016
0.709,90.1,72,27.2,38.9,6.4,7.9,6.7,Azerbaijan,3.8,5.6,4,1,8.9,5.1,8.6,81st,4.8,7.9,76.3,6.6,2016
0.726,73.5,75.7,8.6,76.8,4.3,4.5,4.1,Bahamas,4.5,4.7,4.7,1,4,4.8,3.3,137th,6.6,2.7,51.6,3.4,2016
0.758,139.6,76.9,6.5,,6.4,7.1,7.9,Bahrain,3.5,4.8,3.2,1,8.4,2,8.3,121st,4.3,2.5,63.4,5,2016
0.49,38,72.5,28.2,61.4,7.8,9.6,8.9,Bangladesh,6.3,6.9,7.5,1,8,7.8,7.6,36th,8,6.3,90.7,6,2016
0.777,82.6,75.9,11.4,,4.4,4.2,4.1,Barbados,6,4.8,5.1,1,2.7,2.7,2.6,139th,4.1,2.6,49,5.7,2016
0.838,125.2,72.9,2.9,47,6.3,8.3,7.1,Belarus,6.2,4.9,3.1,1,8.9,4.4,8.1,92nd,5.3,3.8,73.9,7.5,2016
0.893,164.5,81.1,3.1,153.7,1.9,3.9,4.4,Belgium,4.4,2.9,1.6,1,1.6,1.8,1,164th,2.2,2.1,29,1.2,2016
0.705,110.2,70.4,12.8,70.2,6.1,4.3,4.1,Belize,6.4,5.9,6.7,1,5.4,6.1,4.4,116th,5.6,3.8,66,7.2,2016
0.471,71.3,60.9,63.1,24,5.9,7,3.6,Benin,6.3,7.8,7.1,1,5.9,8.9,5.4,72nd,8.5,5.7,78.9,6.8,2016
0.446,82.8,70.2,26.8,53.5,4.7,7.5,7.6,Bhutan,5.2,6.6,7.2,1,4.5,6.3,6.3,78th,6.3,7.2,77.6,8.2,2016
0.718,87.7,76.9,5.2,56.7,5.9,8.7,7,Bosnia and Herzegovina,5.7,5.3,5.2,1,6.7,3.8,6.1,88th,4,7.8,74.6,8.4,2016
0.659,97.1,66.8,32.6,16.1,3.8,3.3,5.1,Botswana,6,8,5.2,1,3.5,7,4.7,120th,7.9,4.7,63.5,4.3,2016
0.686,24.6,75.5,13.5,111.3,6.4,4.9,5.7,Brazil,4.5,8,4.3,1,5.9,6,6.1,117th,7.6,2.9,65.3,3,2016
0.704,87.3,77.2,8.5,35.5,5.3,7.4,5.9,Brunei Darussalam,3,7.8,4.3,1,8.3,2,7.9,123rd,3.9,2.4,62,3.8,2016
0.805,123.6,74.7,6.5,54.3,3.8,5.3,5.3,Bulgaria,5.9,4.6,4.3,1,4.7,3.9,3.5,132nd,3.9,4,53.7,4.5,2016
0.285,62,60.4,52.7,29.4,8.1,8.1,4.7,Burkina Faso,6.5,8.4,7.2,1,7.3,8.9,6.3,41st,9.4,6.8,89.4,7.7,2016
0.424,38.2,57.5,48.4,35,9,8.5,8.1,Burundi,8.2,7.4,6.5,1,9,8.2,8.5,15th,9.5,9.1,100.7,8.7,2016
0.483,127,69,26.3,71.1,6.4,8.3,7.1,Cambodia,5.9,6.8,7.8,1,8.5,8,7.9,46th,7.2,5.9,87.4,7.6,2016
0.547,42,58.1,52.8,18.6,8.1,9.4,8.5,Cameroon,6.3,8.1,7.8,1,8.7,8.9,7.7,22nd,8.3,8,97.8,8,2016
0.894,64.4,82.4,4.3,,1.9,2.5,3.6,Canada,1.9,2.7,1.9,1,1,1.7,1.5,169th,2.1,2,23.8,1,2016
0.341,42.8,52.2,88.5,30.5,9.2,10,9.3,Central African Republic,8.6,9.9,7.2,1,9.8,10,9.9,3rd,8.7,10,112.1,9.5,2016
0.298,67.9,52.9,75.2,26.6,9.1,9.8,8.5,Chad,8,9.3,8.9,1,9.2,9.8,9.3,7th,9.9,9.8,110.1,8.5,2016
0.8,55.5,79.5,7.2,126.3,2.9,2.2,3.8,Chile,3.3,5.4,3.5,1,3.5,4.2,3.2,150th,5.4,2.2,41.9,2.3,2016
0.644,37,76.3,8.5,215.2,5.6,7.2,8.1,China,4.1,7.5,4.6,1,8.3,5.9,8.7,86th,6.9,5.1,74.9,2.9,2016
0.676,36.5,74.4,13.1,53.7,7,7.6,7,Colombia,3.9,7.8,6.3,1,6.5,6.1,7.2,67th,6.7,7.9,80.2,6.2,2016
0.473,59.7,63.7,55,31.3,6.9,7.5,5,Comoros,8.2,7.2,7.6,1,6.8,8.4,6.5,57th,7.5,4.7,83.8,7.5,2016
0.715,64.8,79.8,7.7,79.1,3.3,3.8,4.4,Costa Rica,4.2,5.5,3.8,1,2.6,4.1,1.7,142nd,3.8,3.6,45.1,4.3,2016
0.791,95.2,77.6,4,84.9,3.7,4.4,6,Croatia,5.5,3.5,4.2,1,3.1,2.6,3.8,136th,3.3,7.5,52.4,4.8,2016
0.774,,79.7,4.2,,5.4,7,4.2,Cuba,4.2,5.6,5.4,1,7.3,4.3,7.7,114th,5.7,4.2,66.3,5.3,2016
0.808,130.2,80.5,2.1,264.7,4.1,7.9,6.5,Cyprus,6.4,6.1,4.2,1,5,2.7,3.2,119th,3.7,5,64,9.2,2016
0.92,101,80.7,3.7,215,1.4,1.4,4.6,Denmark,2.2,1.8,1.6,1,0.6,1.1,1.7,175th,2.2,1.8,21.5,1.1,2016
0.309,84.6,62.5,53.5,34.6,6.6,7.3,6.7,Djibouti,7.1,8.1,5.5,1,7.9,8.1,7.5,39th,8.5,7.5,89.7,8.9,2016
0.643,53.8,73.9,25.5,56.3,5.5,6.2,6,Dominican Republic,5.2,6,7.3,1,5.7,6.8,6,105th,7,3.5,70.8,5.6,2016
0.695,38.8,76.3,17.8,36.1,6.5,8.2,7.5,Ecuador,5.5,6.9,5.9,1,6.7,6,5.2,84th,6,5.4,75.6,5.8,2016
0.604,30,71.5,19.4,119.6,8.3,8.8,9,Egypt,8.4,6.2,4.4,1,8.4,5.1,9.7,38th,6.8,7,90.2,8.1,2016
0.58,72,73.5,12.9,88.8,7,4.3,6.2,El Salvador,5.6,6.6,7.5,1,5,6.6,6.5,96th,6.6,5,72.5,5.6,2016
0.443,92.5,57.7,66.2,21,6.7,8.2,6.3,Equatorial Guinea,6.2,8.9,5.7,1,9.9,7.4,9.4,53rd,7.7,3.6,85.2,5.2,2016
0.279,,65.1,32.9,,7.4,8.1,6.6,Eritrea,8.3,7.5,8,1,9.5,8.6,9.1,18th,9.1,8.5,98.6,7.9,2016
0.868,154.1,77.6,2.3,81.1,2.9,5.5,6.8,Estonia,3.7,3.4,3.7,1,2.9,3.1,1.8,146th,3,2.6,43.4,4,2016
0.325,35.5,65.5,41,,8.1,8.3,8.6,Ethiopia,6.7,6.7,7.3,1,7.7,8.3,8.5,24th,9.3,9.5,97.2,8.2,2016
0.785,78,70.3,18.7,121.1,6.8,7.9,7.1,Fiji,6.7,6.5,7.9,1,7.1,4.5,6.6,82nd,4.4,3.3,76.2,7.4,2016
0.905,72.8,81.3,1.9,154.6,1.4,1.1,2,Finland,3.7,1.2,2,1,0.6,1,1,178th,1.3,2.5,18.8,1,2016
0.84,61.1,82.5,3.2,155.2,3,1.9,7,France,4.5,3.4,1.9,1,1.5,1.3,2.3,158th,3,2.7,34.5,2,2016
0.621,71.2,66.1,34.3,23.2,4.7,7.1,4,Gabon,5,6.7,5.8,1,7.7,6.9,7.2,98th,6.8,4.7,72,5.4,2016
0.368,64.9,61.2,42.2,,6,6.8,3.4,Gambia,8.1,6.9,8.4,1,8.1,8,8.9,48th,8.5,6.5,86.8,7.2,2016
0.845,102.9,73.3,9.5,65.4,7,9.1,8.1,Georgia,5.6,5.7,5.1,1,8.5,4.5,5.8,72nd,4.2,7.7,78.9,7.6,2016
0.94,84.3,81,3.2,133.8,1.8,2.3,4.8,Germany,2.4,3,1.8,1,1,1.3,1.3,165th,2.2,5.7,28.6,1,2016
0.558,89.3,62.7,41.2,34.3,3.8,4.9,4.6,Ghana,6.6,6.8,7.9,1,4.7,7.4,5.3,102nd,7.1,5.2,71.2,6.9,2016
0.838,61.6,81.2,3.1,126,4.2,3.8,5.1,Greece,7,3.9,3.5,1,6.2,4,3.2,130th,3.9,5,55.9,6.1,2016
0.758,108.5,73.7,14.4,53.6,5.9,5.6,3.8,Grenada,6.2,5,8.6,1,5.6,4,3.4,122nd,4.9,3.2,63,6.8,2016
0.514,47,73.4,23.9,41.9,7.3,6.8,8.2,Guatemala,5.7,8.3,7,1,6.7,7.7,6.9,61st,7.4,5.8,83.2,5.4,2016
0.339,111,60,58.3,22.9,9,9.9,8.8,Guinea,9.4,7.4,7.5,1,9.8,9.2,7.9,12th,8.9,8.4,103.8,7.6,2016
0.596,100.3,66.7,26.9,61.6,6.1,5.1,6.4,Guyana,6.1,5.9,9.4,1,5.6,6.4,3.6,104th,5.5,3.8,70.9,7,2016
0.428,73.3,63.3,50.9,31.6,7.9,9.6,6.7,Haiti,8.9,9.5,9,1,9.4,9.4,7.7,10th,9.2,7.9,105.1,9.9,2016
0.502,100.5,73.6,16,60.6,7,6.8,6.1,Honduras,6.6,7.9,6.6,1,7,7,6.6,68th,6.5,4,79.8,7.7,2016
0.815,169,75.9,4.4,57.9,2.4,5.3,5,Hungary,5.6,4,3,1,6.3,3.4,4.9,135th,2,6.7,52.7,4.1,2016
0.912,90.4,82.7,1.6,97.4,1.2,1.8,1.3,Iceland,3.5,1.3,2.5,1,1,1.4,1,170th,1.8,1.7,22.8,4.3,2016
0.556,40.3,68.6,34.6,75,7.6,7.3,8.5,India,5.3,7.2,5.8,1,4.9,7.6,6.2,70th,8.1,5.5,79.6,5.6,2016
0.622,37.4,69.2,22.2,47.9,5.9,7,7.3,Indonesia,5.5,6,6.6,1,5.3,6.1,7.4,86th,6.8,5.6,74.9,5.4,2016
0.502,73.4,69.9,25.9,,10,9.6,9.8,Iraq,6.8,7.5,7.9,1,9.2,7.8,8.9,11th,8.1,9.4,104.7,9.7,2016
0.918,221.2,81.5,3,98.8,1.8,1.5,1.6,Ireland,3.6,2.4,2.5,1,1.2,1.6,1.1,172nd,1.9,1.7,22.5,1.6,2016
0.791,56.4,83,2.8,170.6,4.2,4.9,5,Italy,5.5,3.1,1.7,1,3.9,2.3,2.2,148th,2.8,5,43.1,2.5,2016
0.69,76.3,76,13.2,53.7,6.6,3.7,3.6,Jamaica,7.1,5.6,8.1,1,5,6.1,5.2,118th,4.9,3.1,65,6,2016
0.846,31.3,83.8,2,345.1,1.3,2.6,3.9,Japan,4.3,1.8,2.9,1,1.4,1.8,3.2,157th,4.5,3.4,35.1,4,2016
0.711,91.3,74.3,15.1,108.3,5.2,6.9,7.7,Jordan,6.6,5.6,3.9,1,6.4,4.4,8,77th,6.7,9.3,78,7.3,2016
0.809,60.3,69.9,10.1,43.3,5.4,7.6,7.3,Kazakhstan,6.6,4.4,3.3,1,8,4.2,7.4,113th,4.7,3.2,66.5,4.4,2016
0.543,36.8,67,35.6,42.6,8.5,8.9,9.1,Kenya,7.4,8,7.8,1,7.8,8.2,7.2,20th,9.1,8,98.3,8.3,2016
0.618,94.7,74.7,7.2,94.5,4.2,7.5,5.2,Kuwait,2.7,4.4,3.3,1,7.4,2.8,7.6,126th,5.2,3.7,58.5,4.5,2016
0.866,119.2,74.6,3.9,81.8,3.2,4.3,7.7,Latvia,3.7,4.3,4.5,1,3.6,3.1,2.8,141st,3.1,3,47.4,4.1,2016
0.634,72.6,79.6,6.9,209.6,8.9,9.3,8.7,Lebanon,6.1,5.8,5.1,1,7.8,5.9,7.4,40th,5.8,9.5,89.6,9.3,2016
0.502,125.4,54.2,72.4,9.4,5.9,7.3,4.1,Lesotho,8.2,7.6,7.7,1,6.1,8.3,4.7,66th,8.2,4.8,80.9,8,2016
0.43,121.7,62.5,51.2,,6.6,8.3,6,Liberia,8.3,8.6,6.9,1,7,9.5,6.7,27th,9.2,8.9,95.5,9.5,2016
0.616,,71.9,11,45.4,9.6,9.4,8.3,Libya,8,5.8,6.5,1,9.5,7.2,9.3,25th,5.1,8,96.4,9.7,2016
0.879,147.6,74.6,4.3,52.2,3.1,3,4.6,Lithuania,4.7,4.7,4.1,1,2.9,3.7,2.7,149th,3,2.4,42.4,3.5,2016
0.792,407.4,81.8,2,196.7,1.9,3.4,3.1,Luxembourg,1.2,1.7,1.8,1,1,2.3,1,168th,1.7,3.7,24.1,1.3,2016
0.498,69.3,65.9,34,18.8,7.3,7.8,4.3,Madagascar,7.8,8.8,6.4,1,7.3,9.3,5.8,56th,8.8,3.6,84.2,7,2016
0.45,77.9,63.2,38.9,19.6,4.5,7.7,5.1,Malawi,8.6,8.5,8.1,1,6.6,8.1,6.4,44th,9.3,6.3,87.6,8.4,2016
0.719,128.6,75.3,7.1,145.3,6.5,6.8,6.7,Malaysia,3.3,5.2,4.7,1,7.4,4.4,7.7,115th,5.5,3.9,66.1,4,2016
0.56,150.3,77.3,7.3,71.3,6.6,8,4.8,Maldives,6.1,3.8,5.9,1,8.7,5.8,7.7,91st,5.5,4.4,74,6.7,2016
0.287,62.4,58,68,28.7,9.2,5.2,7.9,Mali,7.9,7.6,8.7,1,6.3,9,7,29th,8.7,8.1,95.2,9.6,2016
0.818,261.5,80.9,5.9,125.9,3.3,2,3.9,Malta,4.2,2.8,3.9,1,3.8,2.2,3.2,154th,2.7,4.1,39.6,3.5,2016
0.385,100.5,63.2,54.4,,7.1,8.8,7.2,Mauritania,7.9,7,6.6,1,8.2,9.2,8.1,28th,8.9,8.2,95.4,8.2,2016
0.729,98.4,74.7,12.2,113.5,2.5,3.2,3.8,Mauritius,4.2,4,4.1,1,3.2,3.5,3.6,147th,3.8,2.4,43.2,4.9,2016
0.678,76.2,77.1,12.6,54.8,8,5.1,6.7,Mexico,4.4,6.3,5.5,1,6.2,6.5,6.2,107th,6.2,4.1,70.4,5.2,2016
0.766,95.6,69.3,15.4,76,3.7,5.5,4,Mongolia,5,6.1,3,1,4.2,5.6,4.7,128th,5.3,2.7,56.6,6.8,2016
0.79,103.4,77.1,3.5,60.4,3.7,6.5,7.6,Montenegro,4.9,2.6,3.7,1,4.8,3.3,4.1,131st,3,4.8,55.2,6.2,2016
0.525,80.4,75.8,23.3,108.3,5.4,6.6,7.4,Morocco,5,6.4,7.9,1,6.8,5.4,7,89th,5,5.6,74.2,5.7,2016
0.385,110.8,58.3,53.1,43.9,6.7,6.9,5.6,Mozambique,7.7,8.9,7.7,1,6.7,9.2,5.8,42nd,9.5,5.5,87.8,7.6,2016
0.44,39.1,66.6,40.1,39.3,8.4,8.6,9.9,Myanmar,6.4,7.9,6,1,8.7,8.7,8.6,26th,7.3,8.3,96.3,7.5,2016
0.569,105.1,64.4,32.3,76.7,5.2,3.5,6,Namibia,7,8.4,6.8,1,3.5,7.6,4,103rd,7.3,5.2,71.1,6.6,2016
0.502,48.9,70.3,28.4,86.2,6.7,8.3,9.5,Nepal,7,7.2,6.7,1,7.1,7.4,7.4,33rd,8.8,8,91.2,7.1,2016
0.905,153.9,81.9,3.2,208.9,1.7,3.1,4.4,Netherlands,2.9,2.4,2.3,1,1.5,1.2,1.1,166th,2.7,4,28.2,0.9,2016
0.917,51.3,81.9,4.5,,1.4,1.1,3.8,New Zealand,3.8,2.5,1.8,1,0.6,1.6,0.7,176th,1.6,1.5,21.3,0.9,2016
0.558,95.1,75.4,16.8,49.7,5.7,7.1,6.7,Nicaragua,5.9,8.2,8.3,1,7.6,6.9,5.4,71st,5.5,4.2,79,7.5,2016
0.212,49.4,60.1,50.9,18.2,8.9,8.9,7.7,Niger,8,8.2,7.2,1,7.8,9.2,6.7,19th,9.5,8,98.4,8.3,2016
0.483,20.7,53.4,66.9,26.6,9.7,9.9,9.4,Nigeria,7.7,8.8,7.4,1,8.8,9.4,9.1,13th,9.1,7.7,103.5,6.5,2016
0.915,67.4,82.2,2.1,150.3,2.2,1.1,3.8,Norway,1.7,1.7,1.3,1,0.5,1.1,1.6,177th,1.7,3,21.2,1.5,2016
0.706,76.8,77,9.2,69.5,4.4,6.6,3.1,Oman,4.2,4.3,2.2,1,6.5,3.7,7.4,137th,5,2.2,51.6,2,2016
0.411,25.3,66.5,64.2,52.4,9.3,8.9,9.7,Pakistan,7.4,7,7.3,1,8.3,8.2,8.2,14th,8.9,8.9,101.7,9.6,2016
0.687,87.3,78,14.1,80.9,5.4,2.5,5.3,Panama,3.1,7.6,4.3,1,3.7,5.3,4.5,133rd,5.4,3.2,53.2,2.9,2016
0.429,,65.5,42.4,46.5,7.2,7.1,6.5,Papua New Guinea,5.8,9.3,7.4,1,7,9.2,7.1,50th,7.9,4.7,86.2,7,2016
0.631,81.3,73.1,17,45.2,6.8,7.8,6,Paraguay,5.2,8.1,5.5,1,7.2,6.4,6.1,95th,6.2,2.8,72.6,4.5,2016
0.688,45.3,75,11.9,,7.3,6.9,7.6,Peru,3.4,7.6,7,1,7.4,6.9,4.5,98th,5.2,4.5,72,3.7,2016
0.661,64.9,69.1,21.5,63.5,9.4,8,8.1,Philippines,5.7,5.9,6.5,1,7.2,6.9,5.6,54th,7.7,7.1,84.7,6.6,2016
0.862,100.5,77.6,4,75.7,2,3.8,4.9,Poland,3.8,3.2,4.2,1,3.5,2.5,2.9,152nd,3,3.8,40.7,3.1,2016
0.759,79.1,81.2,2.9,159.3,1.5,2.5,2.7,Portugal,5,2.7,1.9,1,1.8,2.4,2,163rd,2.3,1.9,29.2,2.5,2016
0.698,89.1,78.2,7.3,147.1,2.3,5,4.6,Qatar,2.3,4.9,2.8,1,6.3,1.5,6.5,142nd,4,2,45.1,2.9,2016
0.762,83.6,75.4,7.7,34,3.2,5.4,7,Romania,4.9,4.4,4.2,1,5.7,4,3.9,134th,3.4,3,52.9,3.8,2016
0.45,48,67.1,29.2,18.9,5.9,8.3,9.1,Rwanda,6.2,8.5,7.6,1,6.8,7.6,7.4,32nd,8.2,8,91.3,7.7,2016
0.692,79.2,75,14.8,80.2,4.9,5.1,4.5,Samoa,6.5,5.1,9.2,1,5.7,5.1,4.3,110th,5.9,2.4,67.6,8.9,2016
0.546,,66.6,26.2,21.9,5.2,6.3,4.5,Sao Tome and Principe,8.7,6.2,8.2,1,5.8,6.1,3.5,94th,6.4,4.4,72.9,7.6,2016
0.787,61.9,74.6,11.1,34.1,6.5,8.2,7.5,Saudi Arabia,4.7,5.5,3.5,1,8.1,4,8.9,97th,5.5,4.9,72.2,4.9,2016
0.361,72.9,67.1,33.6,42.2,5.9,6.6,6.6,Senegal,7.6,7.6,7.7,1,5.2,7.6,6.2,59th,8.3,7.5,83.6,6.8,2016
0.778,107.5,75.2,5.1,55.6,5.7,8,7.8,Serbia,6.6,5,5,1,5.4,4.4,4.6,98th,4.5,8.6,72,6.4,2016
0.724,,73.5,12.3,40.2,6.3,6,4.5,Seychelles,4.3,5.7,5.6,1,5.7,2.9,4.3,125th,4.8,2.9,60.2,7.2,2016
0.382,79.4,51.8,83.3,21.8,4.5,7.8,5.9,Sierra Leone,8.8,8.5,8.7,1,7.1,9,5.5,34th,9.2,7.9,91,8.1,2016
0.83,310.3,83,2.2,129.6,1.7,4,2.8,Singapore,2.2,4,3,1,3.9,1.5,4.3,161st,2.7,1.4,32.9,1.4,2016
0.887,146.2,81,1.8,70.9,1.8,1.7,4.2,Slovenia,4,3.6,2.8,1,2.9,1.7,1.7,160th,2.5,4.5,33.9,2.5,2016
0.465,,70.7,21.8,29.2,6.1,8.2,6.5,Solomon Islands,7.3,9.2,6.6,1,7,7.9,5.4,52nd,8.2,4.6,85.3,8.3,2016
,77.3,56.3,82.6,,9.7,10,9.4,Somalia,9,9.3,9.5,1,9.5,9,9.7,1st,9.7,9.7,114,9.5,2016
0.708,60.8,62.8,34.2,176.6,5.8,5.6,6.3,South Africa,6.6,7.7,5.2,1,5,7.2,4.4,108th,7.3,5.6,69.9,3.2,2016
0.297,116.7,56.8,59.2,13.4,10,9.7,9.9,South Sudan,9.3,9,6.6,1,9.7,10,9.7,2nd,9.9,10,113.8,10,2016
0.824,62.9,83.1,2.7,187.5,3,6.3,5.9,Spain,5.2,3.7,2.1,1,3,2.4,2,153rd,2.2,2,39.8,2,2016
0.749,50,75.3,8,71.9,7.6,8.8,9.2,Sri Lanka,5.6,7.3,7.9,1,7.4,5.3,8.5,43rd,5.7,7.9,87.7,6.5,2016
0.326,22.4,64.5,44.8,22.5,9.2,10,9.8,Sudan,8.7,7.6,9.1,1,9.8,9.1,9.3,4th,9,10,111.5,9.9,2016
0.636,104.1,71.4,17.8,51,5.1,5.8,5.8,Suriname,6.8,6.3,7,1,5.2,5.8,4.8,112th,5,3,66.7,6.1,2016
0.904,83.7,82.5,2.4,154.5,1.8,1.8,1.7,Sweden,2,1.5,1.2,1,1,1.3,1.3,171st,2.2,5.5,22.6,1.3,2016
0.897,120.4,83.3,3.6,179.7,1.3,1,3.8,Switzerland,2.5,2.4,1.8,1,1,1.1,2,174th,1.7,2.2,21.8,1,2016
0.66,56,71.1,37.1,25.2,6.9,8.4,7.6,Tajikistan,7.5,5.3,6.4,1,9.3,5.8,7.9,57th,8.1,4.5,83.8,6.1,2016
0.65,121.7,75.3,10.5,167.4,9.2,9.7,9,Thailand,3.8,5.5,4.4,1,7.7,4.6,8.2,74th,6.6,6.1,78.8,4,2016
0.505,39.3,68.9,42.4,-8.4,7.4,8.3,6.7,Timor-Leste,8.1,7,7.3,1,7.1,8.7,5.5,35th,9.2,6.5,90.8,9,2016
0.506,105.6,60.2,50.7,42.8,6.7,7.6,4.8,Togo,6.5,8.4,7.6,1,8,8.3,6.9,51st,8,6.8,85.8,6.2,2016
0.722,,70.7,16.5,44.1,6,5.6,4.4,Trinidad and Tobago,4.6,5.1,7.8,1,4.7,4.5,4.3,127th,4.7,2.8,57.8,3.3,2016
0.656,91.4,75.7,11.7,92.6,7.9,7.8,7.9,Tunisia,6.9,5.1,5.8,1,6.7,4.6,6.7,88th,4.4,4.2,74.6,6.6,2016
0.689,46.8,75.8,10.9,80.6,7.8,7.6,9.5,Turkey,4.8,5.9,3.6,1,6.6,4.6,7.4,79th,5.1,8.8,77.3,5.6,2016
0.629,,67.8,43.4,,6.5,7.8,6.8,Turkmenistan,5.1,6.9,4.8,1,9.8,5.8,8.9,83rd,5.6,3.7,76,4.3,2016
0.504,47.2,59.9,37.7,23.4,7.3,8.9,9,Uganda,6.7,7.6,7.6,1,8.3,8.5,8,23rd,8.7,9.1,97.7,8,2016
0.794,104.8,72,7.8,78.8,7.8,8,6.9,Ukraine,7,4.4,5.4,1,8.4,3.9,6.2,85th,4.4,4.3,75.5,8.8,2016
0.738,176.7,77.3,6.6,107.6,2.8,3.6,3.6,United Arab Emirates,2.6,3.9,2.2,1,6.9,2.4,7.5,145th,4.2,2.2,44.5,2.6,2016
0.914,58.6,81.6,3.7,165.8,2.4,3.5,5.9,United Kingdom,3.8,3.8,1.8,1,1.7,1.8,1.9,162nd,2.6,2.2,32.4,1,2016
0.903,26.6,79.4,5.6,241.9,2.9,4.3,5.1,United States,2.5,4.5,1.4,1,2.1,1.8,3.4,159th,3,2.1,34,0.9,2016
0.733,41.3,77.5,7.9,35,3.5,2.7,2.7,Uruguay,3.3,4.3,4.1,1,1.1,3.1,2.5,155th,4,2.2,36.2,2.7,2016
0.708,39.6,71.3,21.4,,7.3,8.8,7.3,Uzbekistan,6.5,7.1,6,1,9.7,5.1,9.4,60th,5.8,5.7,83.5,4.8,2016
0.349,33.5,65,43.2,,10,9.5,9.5,Yemen,9.4,8.4,7.5,1,9.4,9.3,9.4,4th,9.5,9.6,111.5,10,2016
0.58,74,61.9,43.8,27,4.7,5.7,5.4,Zambia,8.1,8.9,8.1,1,7.2,8.1,7.1,49th,9.5,6.6,86.3,6.9,2016
0.558,63.3,61.2,40,,7.8,9.8,7.5,Zimbabwe,8.3,8.2,8.1,1,8.9,8.5,8.4,16th,8.6,8.7,100.5,7.7,2016
,,,,,9.2,8.1,9,Russia,5.4,6.4,4.2,1,8.2,4.4,9.4,65th,4.8,6,81,5.9,2016
,,,,,9.1,9.6,5.4,Guinea Bissau,8.5,8.7,8.3,1,8.9,9.5,7.5,17th,8.3,7.5,99.8,8.5,2016
,,,,,7.7,9.4,8.3,Cote d'Ivoire,6.8,8.2,7,1,8.1,8.7,8.1,21st,8.2,8,97.9,9.4,2016
,,,,,9.2,9.8,9.7,Congo Democratic Republic,8.1,8.9,6.8,1,9.3,9.7,10,8th,9.1,9.7,110,9.7,2016
,,,,,5.7,8.3,6.6,Laos,5.4,7.1,7.7,1,9.3,7.2,8.1,55th,7.4,5.3,84.4,6.3,2016
,,,,,6.8,8.2,7.4,Venezuela,7,6.9,5.2,1,8.7,7.2,8.6,63rd,5.2,4.8,81.6,5.6,2016
,,,,,4.8,5.6,4,Micronesia,9,8.5,9.5,1,5.7,6.2,3.4,80th,7.6,3.6,77.1,9.2,2016
,,,,,7.1,8.1,9.8,Israel and West Bank,4,7,3.5,1,6.6,5,7.7,69th,5.7,7.5,79.7,7.7,2016
,,,,,6.7,6.7,6.9,Congo Republic,6.7,8.3,7.1,1,9.1,9.2,8.2,31st,8.1,7.9,92.2,7.3,2016
,,,,,4.8,6.9,6.2,Vietnam,5.3,5.2,5.9,1,8.4,4.9,7.5,106th,5.8,4.4,70.7,5.4,2016
,,,,,6.3,8.3,7,Moldova,6.6,5,6.3,1,6.8,5.1,5.1,93rd,5,4.1,73.2,7.6,2016
,,,,,1.8,3.8,3.1,South Korea,2.1,3.2,3.6,1,3.4,2.1,2.9,156th,3.3,1.7,36.1,5.1,2016
,,,,,7.7,9.6,8.8,Iran,6.6,5.8,6.5,1,9.2,4.7,9.5,47th,5.1,6.7,86.9,6.7,2016
,,,,,5.4,5.5,4.1,Cape Verde,5.7,7.3,8.2,1,5.5,6.2,4.2,101st,7.2,4.4,71.5,7.8,2016
,,,,,5.7,7.3,7.1,Macedonia,6,5.4,5.2,1,6,4.1,4,111th,3,7,67,6.2,2016
,,,,,2,4.2,6.5,Slovak Republic,4.8,3.7,3.9,1,4.5,2.6,2.7,144th,2.5,4,44.9,3.5,2016
,,,,,5.2,6,5.4,Tanzania,6.4,7.3,7.3,1,6.1,8.8,6.1,62nd,8.9,6.9,81.8,7.4,2016
,,,,,6,6.8,3.4,Swaziland,9.4,8.4,7.2,1,8.8,7.8,8.8,44th,8.9,4.8,87.6,7.3,2016
,,,,,8.5,8.5,6,North Korea,8.9,7.7,4.1,1,10,8.8,9.6,30th,7.9,4.6,93.9,9.3,2016
,,,,,6.5,8,8.6,Kyrgyz Republic,7.2,6.1,6.7,1,7.9,5.3,7,64th,5.7,5.5,81.1,6.6,2016
,,,,,2.3,5,5,Czech Republic,4.3,2.9,2.5,1,4.9,2.8,2.6,151st,1.6,4,40.8,2.9,2016
,,,,,6.7,8.3,6.2,Bolivia,5.1,8.8,6.7,1,7,7,6.2,75th,6.4,4.1,78.5,6,2016
,,,,,10,9.9,10,Syria,7.8,7.4,8.6,1,10,8.9,9.8,6th,8.4,10,110.8,10,2016
